{"cameraMode":{"drawMode":0,"name":"Shaded","section":"Shading Mode"},"sceneLighting":true,"audioPlay":false,"sceneViewState":{"m_AlwaysRefresh":false,"showFog":true,"showSkybox":true,"showFlares":true,"showImageEffects":true,"showParticleSystems":true,"showVisualEffectGraphs":true,"m_FxEnabled":true},"in2DMode":false,"pivot":{"x":-0.10153628140687943,"y":-0.35180434584617617,"z":-4.959292411804199},"rotation":{"x":-0.006886552087962627,"y":0.9778556823730469,"z":-0.03258361667394638,"w":-0.20658192038536073},"size":3.616708278656006,"orthographic":false}