{"cameraMode":{"drawMode":0,"name":"Shaded","section":"Shading Mode"},"sceneLighting":true,"audioPlay":false,"sceneViewState":{"m_AlwaysRefresh":false,"showFog":true,"showSkybox":true,"showFlares":true,"showImageEffects":true,"showParticleSystems":true,"showVisualEffectGraphs":true,"m_FxEnabled":true},"in2DMode":false,"pivot":{"x":5.11971378326416,"y":2.4908359050750734,"z":-0.292106568813324},"rotation":{"x":0.13080798089504243,"y":-0.10835257917642594,"z":0.014488179236650467,"w":0.9852944016456604},"size":3.539630651473999,"orthographic":false}