{"cameraMode":{"drawMode":0,"name":"Shaded","section":"Shading Mode"},"sceneLighting":false,"audioPlay":false,"sceneViewState":{"m_AlwaysRefresh":false,"showFog":true,"showSkybox":false,"showFlares":true,"showImageEffects":true,"showParticleSystems":true,"showVisualEffectGraphs":true,"m_FxEnabled":true},"in2DMode":false,"pivot":{"x":-1.2741929292678834,"y":0.016013480722904207,"z":6.956840515136719},"rotation":{"x":0.1390204280614853,"y":-0.014880457893013955,"z":0.0021991245448589327,"w":0.9901019334793091},"size":8.115338325500489,"orthographic":false}