{"cameraMode":{"drawMode":0,"name":"Shaded","section":"Shading Mode"},"sceneLighting":false,"audioPlay":false,"sceneViewState":{"m_AlwaysRefresh":false,"showFog":true,"showSkybox":false,"showFlares":true,"showImageEffects":true,"showParticleSystems":true,"showVisualEffectGraphs":true,"m_FxEnabled":true},"in2DMode":false,"pivot":{"x":-0.5163180232048035,"y":0.34163498878479006,"z":-1.0106669664382935},"rotation":{"x":0.1036238819360733,"y":-0.2723613679409027,"z":0.029638469219207765,"w":0.9560436010360718},"size":1.0944280624389649,"orthographic":false}